file_name,num_vertices,num_faces,is_watertight,euler_number,surface_area,bounds,volume,boundary_count
17767_Common_knapweed_Centaurea_nigra_pollen_grain.stl,99186,198368,True,2,3481.059600358711,"[[12.2262001  14.3178997   1.77855003]
 [44.71519852 45.79729843 34.40480042]]",16990.947035843423,0
17775_Chive_Allium_schoenoprasum_pollen_grain.stl,39836,79668,True,2,1210.948764651934,"[[10.98509979  9.72506046  0.198963  ]
 [28.69519997 36.45899963 17.72190094]]",3085.114876277135,0
17776_Sweet_alyssum_Lobularia_maritima_pollen_grain.stl,90020,181272,False,-563,2379.155165955164,"[[13.37150002 16.89209938  1.45009995]
 [38.01139832 30.42079926 14.91619968]]",,1
17777_Blackberry_Rubus_fruticosus_pollen_grain.stl,82007,163942,True,36,2642.9755169273244,"[[11.12209988 15.82730007  1.98994994]
 [39.67490005 40.81890106 32.26150131]]",9847.921052154668,0
17778_Willow_Salix_alba_pollen_grain.stl,82380,164768,True,-4,1679.8940654342573,"[[ 6.47849989  8.09424019  1.95377004]
 [24.93050003 26.07220078 19.79140091]]",1564.6155310670738,0
17779_Strawberry_Fragaria_ananassa_pollen_grain.stl,82614,165232,True,-2,3801.818335586806,"[[ 2.98723006  7.32780981  1.71298003]
 [32.54669952 31.38369942 26.42869949]]",3764.594120991105,0
17781_Common_thyme_Thymus_vulgaris_pollen_grain.stl,83564,167096,True,16,3360.83832726246,"[[16.38599968 17.82760048  1.52180004]
 [48.57550049 52.20930099 30.83589935]]",16075.079970714403,0
17782_Golden-ray_lily_Lilium_auratum_pollen_grain.stl,83865,167776,False,8,17051.459595321852,"[[10.05099964  1.63855004  0.109713  ]
 [69.85839844 77.4332962  40.87979889]]",,1
17783_Ribwort_plantain_Plantago_lanceolata_pollen_grain.stl,79525,158918,True,66,2203.2849655010587,"[[ 6.90115023  5.95558977  0.285027  ]
 [32.44630051 33.5943985  26.61700058]]",9351.55605017589,0
17784_Rose_Rosa_sp_pollen_grain.stl,80450,160896,True,2,2037.3993760798219,"[[17.7798996  13.94569969  1.54525995]
 [41.31980133 44.94540024 21.16069984]]",6322.74757039456,0
17785_Hedge_bindweed_Calystegia_sepium_pollen_grain.stl,98563,197122,True,2,17772.891225662974,"[[-17.01989937 -22.61109924 -52.12400055]
 [ 57.86149979  53.05419922  19.18359947]]",205130.03435063592,0
17786_Poppy_Papaver_sp_pollen_grain.stl,80745,161426,False,33,4551.393589450933,"[[13.71940041 14.25409985  1.27520001]
 [46.70980072 47.48709869 34.02539825]]",,1
17787_Yellow_iris_Iris_pseudacorus_pollen_grain.stl,84823,171812,False,-822,81158.25538979204,"[[ 27.52540016  29.34119987   2.38579988]
 [114.21399689 116.06999969  87.85359955]]",,1
17788_Gorse_Ulex_europaeus_pollen_grain.stl,87969,175934,True,2,2590.7465236811545,"[[ 8.60972023 12.18529987  0.67985499]
 [38.04980087 42.23009872 27.42350006]]",11330.416690202886,0
17789_Common_foxglove_Digitalis_purpurea_pollen_grain.stl,82151,164330,False,-11,4701.595278469636,"[[18.15670013 18.90600014  1.07143998]
 [47.84740067 49.69459915 30.26259995]]",,1
17790_Black_elderberry_Sambucus_nigra_pollen_grain.stl,90801,181610,True,-4,1638.3361440254466,"[[ 7.29568005 12.12549973  1.07879996]
 [32.07490158 29.22599983 13.71800041]]",1956.5462807043396,0
17791_Common_camellia_Camellia_japonica_pollen_grain.stl,91529,183076,False,-8,13779.155784183675,"[[ 7.64513016  9.39116955  0.115095  ]
 [57.36880112 63.67630005 44.80260086]]",,1
17792_Crimson_bottlebrush_Callistemon_citrinus_pollen_grain.stl,93588,187168,True,4,1965.4962269821708,"[[16.32119942 16.57419968  2.31113005]
 [37.01100159 38.36640167 19.74790001]]",1900.8182707533035,0
17793_Cabbage_palm_Cordyline_australis_pollen_grain.stl,92076,183808,True,172,2694.8749416793025,"[[15.43560028 12.24979973  1.49706995]
 [45.25899887 47.53590012 16.14959908]]",6766.4224675495725,0
17794_Butterfly_bush_Buddleja_davidii_pollen_grain.stl,82123,164210,True,18,2642.676968971827,"[[17.11370087 19.14970016  1.21990001]
 [46.14609909 50.31069946 28.12989998]]",11513.103924436176,0
17795_Common_heather_Calluna_vulgaris_pollen_grain.stl,96296,192576,False,9,7007.411580852478,"[[10.98009968 11.48130035  1.57125998]
 [45.72779846 44.68259811 33.51200104]]",,1
17796_Hardy_fuchsia_Fuchsia_magellanica_pollen_grain.stl,96503,193010,True,-2,17607.805956707933,"[[30.85880089 31.79840088  2.24782991]
 [93.65039825 96.82769775 47.33229828]]",31612.307169095177,0
17798_Tomato_Solanum_lycopersicum_pollen_grain.stl,97732,195444,True,10,2229.809271792823,"[[ 9.92368031 12.35719967  0.372666  ]
 [31.30960083 39.97169876 30.25740051]]",8901.608049962837,0
17799_Common_thistle_Cirsium_vulgare_pollen_grain.stl,92556,185088,True,12,4977.894387176086,"[[10.51259995  7.18329     0.105104  ]
 [50.03160095 47.35609818 39.9518013 ]]",27036.49108125854,0
17801_Clematis_Clematis_sp_pollen_grain.stl,236314,472616,False,11,1556.7269987427137,"[[ 5.73239899  5.56800985  0.05059043]
 [26.17777061 25.89972305 21.44999695]]",,1
17802_Common_whitebeam_Sorbus_aria_pollen_grain.stl,96835,192560,False,568,11279.108464934567,"[[10.49339962 11.54119968  0.342406  ]
 [61.19340134 59.37519836 49.23410034]]",,1
17803_Ox-eye_daisy_Leucanthemum_vulgare_pollen_grain.stl,99113,198226,True,0,3469.7443155305205,"[[12.95079994 16.76779938  1.07457995]
 [48.93009949 51.40769958 34.3669014 ]]",13778.890290966143,0
17805_Wall_bellflower_Campanula_portenschlagiana_pollen.stl,91244,182368,True,60,5829.584127530609,"[[16.39940071 14.33240032  1.80288994]
 [54.52629852 54.27180099 39.38949966]]",29805.024133002993,0
17806_Cow_parsley_Anthriscus_sylvestris_pollen_grain.stl,84729,169454,True,2,4393.068356666711,"[[22.89900017 24.04590034  2.30807996]
 [55.61600113 59.04650116 26.77729988]]",6900.1282932613785,0
17810_Silver_birch_Betula_pendula_pollen_grain.stl,191672,383348,True,-2,2650.6628436321053,"[[13.06088543  9.48128986  0.75606596]
 [37.01813889 32.72636414 21.26401901]]",2435.1356956424806,0
17811_White_goosefoot_Chenopodium_album_pollen_grain.stl,213002,426116,True,-56,3179.7769696204377,"[[4.94147873e+00 4.28299618e+00 6.30243123e-03]
 [2.85159035e+01 2.87839470e+01 2.39494514e+01]]",3340.098021782697,0
17812_Sweet_cherry_Prunus_avium_pollen_grain.stl,221167,442312,False,13,3894.9054898252216,"[[11.9888773  15.28871059  0.10795502]
 [53.8844223  55.73292542 19.79893112]]",,1
17813_Rosemary_Rosmarinus_officinalis_pollen_grain.stl,230759,461476,False,23,4314.8554134747465,"[[11.62366009 15.75151062  0.1748978 ]
 [59.63152695 53.48970413 22.99456978]]",,1
17814_Marigold_Calendula_officinalis_pollen_grain.stl,273178,546344,False,10,5950.986612520158,"[[17.05025291 12.34838581  0.73338473]
 [56.66796112 49.68579102 41.45904541]]",,1
17815_Scotch_broom_Cytisus_scoparius_pollen_grain.stl,273034,546264,False,-88,3061.831224530811,"[[ 9.54236317 12.76611805  0.0514628 ]
 [33.13935471 34.72143936 20.04092407]]",,1
17816_White_clover_Trifolium_repens_pollen_grain.stl,299865,599620,False,63,2204.938828465564,"[[ 8.67860317  4.82092905  1.20816076]
 [30.38117409 28.3010788  18.57367516]]",,1
17817_Creeping_buttercup_Ranunculus_repens_pollen_grain.stl,308570,617188,True,-24,3696.913697303669,"[[1.05013571e+01 1.02580013e+01 3.59495282e-02]
 [3.67201653e+01 3.82925224e+01 2.75647259e+01]]",8932.694042087862,0
17818_Common_daisy_Bellis_perennis_pollen_grain.stl,311656,623308,False,7,4133.781323440558,"[[ 3.24504781  3.22570682  0.56230688]
 [34.52493668 36.87967682 31.94266701]]",,1
17819_Oil_seed_rape_Brassica_napus_pollen_grain.stl,154673,309394,False,-20,2345.5522881473676,"[[12.50279999 15.25419998  0.486265  ]
 [37.87350082 40.66320038 26.76609993]]",,1
17820_Busy_lizzie_Impatiens_walleriana_pollen_grain.stl,327824,655644,True,2,2311.1699294165924,"[[6.78308773e+00 1.38066416e+01 2.26667821e-02]
 [4.21681786e+01 3.65601807e+01 2.41152210e+01]]",8848.570795547032,0
17821_Wild_garlic_Allium_ursinum_pollen_grain.stl,350461,701092,False,-83,4189.41559676236,"[[ 5.72409105 13.45768166  0.90562338]
 [38.29190445 36.17939377 22.5513916 ]]",,1
17822_Cherry_blossom_Prunus_serrulata_pollen_grain.stl,369388,738828,True,-26,7583.092653588439,"[[ 4.61024332e+00  1.95871181e+01 -5.35137057e-02]
 [ 5.80100021e+01  4.75964012e+01  2.98263645e+01]]",18359.85786517295,0
17823_Common_bulrush_Typhya_latifolia_pollen_grain_isobilateral_tetrad.stl,388325,775388,False,633,4845.1066608355595,"[[ 8.25033092  6.62464952  0.99425358]
 [39.8440094  40.54172516 22.70956612]]",,1
17824_Yellow_archangel_Lamium_galeobdolon_pollen_grain.stl,400725,801568,False,-57,1802.0250543291243,"[[ 2.28198743  2.89070296  0.89875764]
 [19.16043854 23.60951233 14.88649654]]",,1
17826_Blue_passion_flower_Passiflora_caerulea_pollen_grain.stl,952681,1907910,False,-1270,63841.05435639914,"[[13.2244997   4.49612999  0.467098  ]
 [85.3640976  79.56310272 67.27739716]]",,1
17827_Common_dandelion_Taraxacum_officinale_pollen_grain.stl,426788,853484,False,51,3249.1518327240597,"[[ 6.96946478  6.44846869  0.55430949]
 [37.92195129 38.0113945  28.39038849]]",,1
17829_Rhododendron_Rhododendron_sp_pollen_grain.stl,484972,969944,False,4,13837.514253198593,"[[ 9.66131496 15.87657642  0.13208194]
 [71.70041656 67.6674118  47.68085861]]",,1
17830_Common_oak_Quercus_robur_pollen_grain.stl,535465,1070924,False,5,7329.03461671227,"[[15.34806919 15.27574921  0.17093377]
 [55.56184387 51.67063522 30.81968307]]",,1
17831_Common_holly_Ilex_aquifolium_pollen_grain.stl,620830,1241680,False,0,8340.649077730994,"[[ 5.66619539  3.91392851  0.10499321]
 [52.1846962  48.49306107 37.78339005]]",,1
17832_Common_ivy_Hedera_helix_pollen_grain.stl,638725,1277456,False,4,9081.18205855028,"[[ 5.41382647  4.37432146  0.45405731]
 [44.50162125 48.89912796 41.20539093]]",,1
17833_European_white_water_lily_Nymphaea_alba_pollen_grain.stl,688472,1376916,False,19,9338.721770400913,"[[ 5.52986908  7.37581778  1.35525441]
 [57.60314178 54.83427811 30.35426903]]",,1
17842_Common_hazel_Corylus_avellana_pollen_grain.stl,740259,1480512,False,5,10253.016387004354,"[[11.93779564 12.85711861 -0.07641849]
 [57.56802368 57.03302383 39.71116638]]",,1
17843_Shining_pondweed_Potamogeton_lucens_pollen_grain.stl,409472,819126,False,-89,13109.394445528427,"[[ 8.3930397  23.1487999   1.27820003]
 [74.39620209 66.4108963  28.81040001]]",,1
17844_Scots_pine_Pinus_sylvestris_pollen.stl,598203,1196850,True,-222,18395.143085613203,"[[ 9.38930035e+00  4.76379013e+00 -5.08936010e-02]
 [ 5.64897003e+01  6.35791016e+01  4.51263008e+01]]",23846.22080040257,0
17845_Daffodil_Narcissus_sp_pollen_grain.stl,483418,966836,True,0,10101.711813065578,"[[ 3.73259759 16.12406731  0.06451656]
 [63.26972961 54.94277573 39.20888901]]",16421.33338795029,0
17846_Common_fern_Polypodium_vulgare_spore.stl,1083148,2166374,False,-19,30416.933738197382,"[[11.39490032  2.55411005  3.02514005]
 [81.86840057 93.29319763 69.16899872]]",,1
17878_Alder_Alnus_sp_pollen_grain_pentaporate.stl,138738,277556,False,53,1815.2674539470995,"[[16.77300072 18.90159988  1.50173998]
 [35.68529892 38.3844986  19.13220024]]",,1
17879_Pumpkin_Cucurbita_pepo_pollen_grain.stl,686359,1373882,True,-582,125159.05313138422,"[[ 11.49860001  22.88209915   2.9832499 ]
 [151.33599854 140.19099426 124.77200317]]",564225.312276073,0
17880_Common_sunflower_Helianthus_annuus_pollen_grain.stl,322473,644940,False,5,4617.7335397991155,"[[ 4.79158592  7.8295002   1.13261592]
 [42.94421387 44.48005676 36.05562973]]",,1
17881_Common_bluebell_Hyacinthoides_non-scripta_pollen_grain.stl,385614,771032,False,102,9395.832931411212,"[[1.74491179e+00 1.95020275e+01 3.35290134e-02]
 [6.57690964e+01 4.49902878e+01 3.05738964e+01]]",,1
17882_Lotus_Nelumbo_nucifera_pollen_grain.stl,449900,899736,False,42,11560.327931660135,"[[ 9.29684639 11.15351009  0.95542097]
 [65.72076416 64.36755371 34.17299652]]",,1
17883_Evening_primrose_Oenothera_fruticosa_pollen_grain.stl,679022,1356592,False,735,35870.898955189055,"[[ 17.79334641   1.44683814   0.14548184]
 [135.03933716 134.90638733  91.26903534]]",,1
17884_Peace_lily_Spathiphyllum_cannifolium_pollen_grain.stl,351483,703048,False,-39,4452.335516722247,"[[ 2.76060605  5.07856417  0.17513214]
 [30.98148918 32.57295609 26.16029549]]",,1
17885_Peat_moss_Sphagnum_sp_spore.stl,168752,337496,True,4,6739.396696870557,"[[ 8.08882332 13.23509693 -0.1693237 ]
 [54.19404602 58.52377319 23.53336143]]",16357.735486019703,0
17886_Common_wheat_Triticum_aestivan_pollen_grain.stl,718463,1436848,False,45,15301.00693767326,"[[ 4.58752441 10.00654888  0.28797609]
 [59.89505768 60.67271423 48.5010643 ]]",,1
17899_Apple_Malus_domestica_pollen_grain.stl,187624,375244,True,2,3492.2765544346216,"[[14.42740345  9.44103527  0.82496649]
 [46.44893646 53.91167068 26.56713676]]",16142.443591037338,0
17900_Germinating_lily_Lilium_sp_pollen_grain.stl,1893298,3782821,False,1817,67404.91208309539,"[[  8.97768021  51.53620148   1.67951   ]
 [199.977005   193.87399292  48.42750168]]",,1
17915_Lavender_Lavandula_sp_pollen_grain.stl,292566,585164,True,-16,4115.027811225042,"[[21.8426342  21.16322899  1.5631882 ]
 [48.50976562 48.2854538  31.00953674]]",7681.511030008202,0
18227_Ragweed_Ambrosia_sp_pollen_grain_showing_pore_distensions.stl,198360,396648,True,36,2067.30380300723,"[[ 7.10707426  9.65118217  1.38682973]
 [34.93151474 34.76534271 21.52318001]]",4140.46130807184,0
20057_Peruvian_lily_Alstroemeria_sp_pollen_grain.stl,107784,215552,True,8,6440.395449764076,"[[ 15.52882767  58.43933868   0.43156284]
 [ 73.32873535 125.01268005  25.55190659]]",24707.906368059164,0
20074_Common_bulrush_Typhya_latifolia_pollen_grain_linear_tetrad.stl,284617,569802,True,-284,8021.254095300827,"[[12.34959984 24.40469933  1.44213998]
 [60.87530136 53.42589951 23.83569908]]",8427.944811768808,0
20076_Common_bulrush_Typhya_latifolia_pollen_grain_T-shaped_tetrad.stl,315414,631382,False,-273,9210.5931696032,"[[20.51409912 13.57089996  1.68910003]
 [48.29489899 58.24259949 21.86129951]]",,1
20088_Common_bulrush_Typhya_latifolia_pollen_grain_tetrahedral_tetrad.stl,240146,480312,True,-10,6654.955712472007,"[[19.21590042 20.60110092  1.99776006]
 [49.26210022 54.270401   33.19060135]]",7191.515400898131,0
20096_Ragweed_Ambrosia_sp_pollen_grain.stl,92755,185542,True,-16,1923.5831781525715,"[[15.72850037 18.23189926  1.32690001]
 [35.15729904 36.76350021 20.06349945]]",2031.8269685261264,0
20098_Alder_Alnus_sp_pollen_grain_tetraporate.stl,84575,169052,False,90,1075.3315354344697,"[[16.94109917 18.27779961  0.514902  ]
 [36.18780136 38.6617012  14.76669979]]",,1
20099_Common_bulrush_Typhya_latifolia_pollen_grain_rhombohedral_tetrad.stl,288414,576796,False,35,7939.762792640709,"[[13.74849987 10.53209972  1.94149995]
 [48.65390015 50.9822998  27.76759911]]",,1
20468_Common_juniper_Juniperis_communis_pollen_grain.stl,347207,694310,True,52,6648.711101772929,"[[1.08199997e+01 8.05768013e+00 1.95665006e-02]
 [4.44488983e+01 4.46010017e+01 2.83637009e+01]]",4679.188315405164,0
20469_Fog_grass_Holcus_lanatus_pollen_grain.stl,237153,474306,True,0,4466.6629134634695,"[[11.38399982 18.2215004   0.70789403]
 [41.99769974 47.19369888 19.32579994]]",3041.5184733224282,0
20470_Yellow_pimpernel_Lysimachia_nemorum_pollen_grain.stl,371106,742212,True,0,3587.849194808865,"[[11.7862711  18.81487083  1.50547326]
 [38.01173782 43.29754639 25.54496002]]",3164.11427433791,0
20471_Herb-Robert_Geranium_robertianum_pollen_grain.stl,731305,1461619,False,61,70766.0015230263,"[[ 20.28910065  15.60830021   2.87291002]
 [121.65100098 121.26399994  46.09889984]]",,1
20473_European_crab_apple_Malus_sylvestris_pollen_grain.stl,210573,421138,True,4,4013.950592053112,"[[ 9.84566021 17.87339973  1.06375003]
 [44.38750076 41.36600113 22.79750061]]",6327.837947215667,0
20605_Field_maple_Acer_campestre_pollen_grain.stl,502948,1005912,True,-8,4666.2602644474455,"[[ 5.66920996  7.31633997  0.69406003]
 [38.78889847 40.29650116 24.10580063]]",5763.774360774929,0
20606_Ground_elder_Aegopodium_podagraria_pollen_grain.stl,287844,575836,False,96,3633.609433463187,"[[13.11120033 14.45110035  0.72869301]
 [44.73860168 47.36019897 16.75250053]]",,1
20607_Parsley-piert_Aphanes_arvensis_pollen_grain.stl,453220,906444,True,-2,5691.072460834621,"[[1.93883991e+01 1.58801003e+01 3.26104015e-02]
 [4.77015991e+01 6.03576012e+01 2.67593994e+01]]",11824.562719519192,0
20608_Thyme-leaf_sandwort_Arenaria_serpyllifolia_pollen_grain.stl,281592,563404,False,40,7961.119882279241,"[[20.58880043 17.7954998   0.238176  ]
 [59.99359894 58.74890137 36.96920013]]",,1
20609_Common_wormwood_Artemisia_absinthium_pollen_grain.stl,296243,592612,False,80,4270.672146122132,"[[ 9.42477989 13.01550007  0.64576203]
 [41.23180008 44.22029877 20.2663002 ]]",,1
20610_Spear-leaved_orache_Atriplex_hastata_pollen_grain.stl,251279,502676,False,7,3022.881577251887,"[[ 8.67877007 12.42020035  2.01809001]
 [31.75309944 36.2154007  24.72450066]]",,1
20611_Cuckoo_flower_Cardamine_pratensis_pollen_grain.stl,744978,1490244,False,-72,9845.785051260607,"[[15.23670006 19.1779995   1.52032006]
 [58.61619949 59.92810059 34.33150101]]",,1
20621_Common_box_Buxus_sempervirens_pollen_grain.stl,387847,776248,False,-273,8155.03146844261,"[[13.72869968 17.11660004  0.65838701]
 [50.57500076 53.86880112 32.3307991 ]]",,1
20700_Hogweed_Heracleum_sphondylium_pollen_grain.stl,151420,302848,True,-4,6933.934825822514,"[[15.74969959 17.73509979  0.145018  ]
 [62.98469925 58.19530106 21.23800087]]",9079.02899599821,0
20701_Herb-Paris_Paris_quadrifolia_pollen_grain.stl,184620,368914,False,172,8808.117061952082,"[[12.45779991  5.81841993  1.47011995]
 [56.85979843 64.20549774 30.50659943]]",,1
20702_Common_lousewort_Pedicularis_sylvatica_pollen_grain_hydrated.stl,142881,285814,True,-26,6383.914190212929,"[[17.2942009  18.16340065  2.15016007]
 [50.32089996 52.12220001 37.52840042]]",7455.514428881804,0
20703_Common_lousewort_Pedicularis_sylvatica_pollen_grain_dehydrated.stl,178464,356924,False,20,3473.7127215377877,"[[11.08679962 18.3920002   0.19411001]
 [56.25780106 46.1731987  25.03009987]]",,1
20704_Heath_milkwort_Polygala_serpyllifolia_pollen_grain.stl,170418,340868,True,-16,13055.616166629305,"[[24.03989983 27.40299988  0.45434999]
 [80.30139923 80.61029816 47.02050018]]",20392.645170294007,0
20705_Heath_milkwort_Polygala_serpyllifolia_pollen_grain_shrunken.stl,100359,200726,True,-4,4717.157576086189,"[[17.86450005 17.7201004   1.48003995]
 [57.46039963 54.41799927 25.44249916]]",8864.78102000911,0
20706_Creeping_cinquefoil_Potentilla_reptans_pollen_grain.stl,106827,213674,True,-10,3696.4286010000214,"[[14.54870033 18.59810066  0.576325  ]
 [43.71530151 45.98910141 26.23500061]]",3984.415469370428,0
20707_Primrose_Primula_vulgaris_pollen_grain.stl,116807,233654,True,-20,2037.357812714723,"[[ 7.04659986 11.13630009  0.42531401]
 [30.07780075 34.84870148 13.20580006]]",1347.4910458555357,0
20708_Common_bracken_Pteridium_aquilinum_spore.stl,92846,185684,True,4,5521.072758871291,"[[21.90859985 24.30279922  1.08008003]
 [65.45200348 69.45059967 22.90670013]]",5778.682742032088,0
20709_Round_leaved_wintergreen_Pyrola_rotundifolia_pollen_grain.stl,245544,491084,True,2,12615.10935625982,"[[13.98120022 15.29230022  1.11078   ]
 [60.72019958 58.5121994  42.85599899]]",19157.990068790834,0
20710_Broad_leaved_lime_Tilia_platyphyllos_pollen_grain.stl,172931,345874,True,-6,9438.631942296686,"[[19.82119942 25.15559959  0.895163  ]
 [71.97969818 73.35189819 19.97660065]]",14371.175276164648,0
20734_Common_nettle_Urtica_dioica_pollen_grain.stl,173972,347928,True,8,2104.11738414661,"[[11.95427227 12.0636797   1.23196054]
 [32.98624802 32.89431    17.5046463 ]]",1474.8638923067674,0
20852_Creeping_bentgrass_Agrostis_stolonifera_pollen_grain.stl,136065,272126,True,2,5904.7953693947165,"[[18.76959991 14.43379974  1.12822998]
 [52.69329834 45.66579819 29.66279984]]",5102.545053087142,0
20853_Mugwort_Artemisia_vulgaris_pollen_grain.stl,241646,483276,True,8,2955.3374154283415,"[[20.57839966 17.69267845  0.64534032]
 [47.24250031 51.18324661 18.17867851]]",6768.999861858335,0
20854_Sweet_chestnut_Castanea_sativa_pollen_grain.stl,102204,204412,True,-2,1513.513963358253,"[[ 1.13803995 26.83609962  1.33764994]
 [17.92060089 44.13949966 18.10230064]]",1251.635856798786,0
20855_Ladys_bedstraw_Galium_verum_pollen_grain.stl,80708,161476,True,-30,3136.5448774278234,"[[38.7989006  32.86660004  1.69933999]
 [65.74240112 61.50370026 17.60709953]]",3410.556122260738,0
20856_Ladys_bedstraw_Galium_verum_pollen_grain_shrunken.stl,121764,243520,True,4,2462.210579258434,"[[ 3.42726994  3.21397996  1.76861   ]
 [27.75009918 26.02459908 17.67650032]]",2796.6907324829567,0
20857_Common_hop_Humulus_lupulus_pollen_grain.stl,94577,189158,True,-2,4187.334903857022,"[[40.2804985  28.53499985  0.189474  ]
 [65.39559937 56.46110153 28.95350075]]",3077.3261700409803,0
20858_European_larch_Larix_decidua_pollen_grain_shrunken_1.stl,124751,249498,True,2,32295.291185597616,"[[ 45.24409866  18.23999977   2.44166994]
 [152.7480011  115.66400146  63.72800064]]",77609.07336438951,0
20859_European_larch_Larix_decidua_pollen_grain_shrunken_2.stl,134311,268572,False,30,35379.951555638814,"[[ 57.97570038 121.72899628   1.00711   ]
 [171.71800232 212.66900635  64.44789886]]",,1
20860_Lesser_hawkbit_Leontodon_saxatilis_pollen_grain.stl,137359,274726,True,-4,5858.604604479518,"[[16.15139961 12.34189987  0.61012697]
 [54.08919907 52.02470016 26.24740028]]",11344.645609837376,0
20861_Oregano_Origanum_vulgare_pollen_grain.stl,177480,355016,True,-28,7146.43549469573,"[[13.86340046 12.2112999   1.12548006]
 [52.35449982 52.69509888 31.17639923]]",9148.83087422787,0
20862_Common_groundsel_Senecio_vulgaris_pollen_grain.stl,158581,317154,True,4,6986.861718910643,"[[12.26840019 14.70790005  1.13055003]
 [50.83539963 55.36109924 38.02759933]]",9680.45541180605,0
20932_Hairy_brome_Bromus_ramosus_pollen_grain.stl,116587,233170,True,2,4670.62507203132,"[[10.08370018 16.53650093  0.80346602]
 [52.93239975 57.78969955 19.56839943]]",8662.255176890618,0
20933_Common_meadow-rue_Thalictrum_flavum_pollen_grain.stl,88364,176728,True,0,2308.1703929021523,"[[16.36240005 18.67270088  1.26233006]
 [38.47850037 40.81999969 18.65410042]]",2477.1705156339526,0
20934_Common_yew_Taxus_baccata_pollen_grain.stl,209989,419966,True,6,5133.682295599135,"[[ 9.96175003  3.42285991  0.92859101]
 [47.85029984 47.42779922 23.37039948]]",4963.101537113802,0
20935_Field_pennycress_Thlaspi_arvense_pollen_grain_1.stl,183711,367548,False,-13,3395.38291506324,"[[33.65069962 24.78779984  1.74357998]
 [59.90840149 57.13980103 14.64070034]]",,1
20936_Field_pennycress_Thlaspi_arvense_pollen_grain_2.stl,173792,347884,False,-72,3250.94139348227,"[[ 5.96063995 13.50969982  1.71053004]
 [34.98199844 44.37789917 14.94639969]]",,1
20937_Small-leaved_lime_Tilia_cordata_pollen_grain.stl,392552,785110,False,-1,9228.503091206418,"[[ 8.47334957 11.13990021  1.11168003]
 [53.69049835 58.21519852 31.50989914]]",,1
20938_Yellow_oatgrass_Trisetum_flavescens_pollen_grain.stl,137804,275604,True,2,3699.2998971894503,"[[13.49699974 14.88309956  0.29869199]
 [39.20740128 40.58789825 25.14649963]]",3631.524368411385,0
20939_Western_hemlock_Tsuga_heterophylla_pollen_grain.stl,774726,1549218,False,122,36510.56965720363,"[[ 18.05789948  16.58469963   1.60907996]
 [126.48400116 122.66699982  35.75830078]]",,1
20940_English_elm_Ulmus_minor_pollen_grain.stl,462219,924466,True,-14,10092.503365748236,"[[ 5.36956978  7.47292995  1.77840996]
 [57.31200027 56.6413002  20.49160004]]",11800.632953244845,0
20941_Lingonberry_Vaccinium_vitis-idaea_pollen_grain.stl,533393,1066774,True,6,12876.073430569106,"[[11.15330029  9.16263008  1.21916997]
 [57.89619827 57.4292984  29.59390068]]",17956.059269670986,0
20942_Valerian_Valeriana_officinalis_pollen_grain.stl,351371,702742,True,0,16604.19254084545,"[[ 6.56516981  6.86534023  2.35930991]
 [67.65309906 68.3132019  44.32749939]]",38893.299537641746,0
20943_Green_field_speedwell_Veronica_agrestis_pollen_grain.stl,292565,585162,True,-16,7494.595953462236,"[[12.80220032 15.29819965  0.94691098]
 [56.95249939 58.16019821 39.76369858]]",7484.3133880111045,0
20944_Wild_pansy_Viola_tricolor_pollen_grain.stl,612206,1224424,True,-6,26633.496320215327,"[[ 5.43528986  6.30421019  1.04493999]
 [88.50090027 89.56109619 53.73960114]]",34950.80476228289,0
20945_Ivy-leaved_bellflower_Wahlenbergia_hederacea_pollen_grain.stl,181935,363874,True,-2,4758.546806821091,"[[18.79179955 20.1765995   0.68254298]
 [46.06750107 51.26520157 27.75760078]]",3016.0645194682406,0
20951_Common_vine_grape_Vitis_vinifera_pollen_grain.stl,175307,350618,True,-2,4663.438206378687,"[[18.29089928 18.27560043  1.74892998]
 [46.42060089 48.30170059 31.55970001]]",4769.883915675978,0
21089_Common_daisy_Bellis_perennis_pollen_grain_2.stl,131399,262766,True,16,4081.738006587683,"[[11.75599957 11.92570019  1.10318995]
 [41.84320068 41.66360092 34.35649872]]",7479.850535362209,0
21103_Round-headed_Rampion_Phyteuma_tenerum_pollen_grain.stl,243564,487148,False,4,5543.195092412282,"[[13.01189995  9.86178017  1.12379003]
 [48.6548996  48.07519913 19.2968998 ]]",,1
21104_Burnet-saxifrage_Pimpinella_saxifraga_pollen_grain.stl,164573,329150,True,-2,4108.968807561538,"[[18.21829987 15.95259953  1.28314996]
 [48.14139938 51.81269836 23.0734005 ]]",6274.081205685063,0
21105_Hawkweed_oxtongue_Picris_hieracioides_pollen_grain.stl,141254,282520,True,-6,4206.603916809218,"[[12.10579967 14.26210022  2.15947008]
 [43.39640045 45.45100021 29.18589973]]",5535.914836264754,0
21106_Butterbur_Petasites_hybridus_pollen_grain.stl,215508,431024,False,1,6185.664063031892,"[[13.41069984 10.56890011  0.462134  ]
 [52.46480179 49.73469925 39.27930069]]",,1
21107_Salad_burnet_Sanguisorba_minor_pollen_grain.stl,299551,599114,True,-6,7758.57829081785,"[[13.20750046 18.15480042  0.65347397]
 [52.61790085 56.06159973 36.22900009]]",8832.61685365318,0
21111_Pellitory_of_the_wall_Parietaria_judaica_pollen_grain.stl,130318,260634,False,3,2885.198559900359,"[[10.96780014 11.37590027  0.78979802]
 [33.74819946 33.9552002  23.21039963]]",,1
21112_Reed_canary_grass_Phalaris_arundinacea_pollen_grain.stl,297183,594362,True,2,7842.13781442828,"[[14.34519958 15.78530025  0.25519899]
 [53.38639832 53.70090103 34.12530136]]",10286.262217877951,0
21113_Wood_bluegrass_Poa_nemoralis_pollen_grain.stl,124786,249568,True,2,5084.347424300936,"[[18.41500092 16.84320068  1.17005002]
 [51.58089828 50.54169846 20.74180031]]",5176.485871226066,0
21114_Common_self-heal_Prunella_vulgaris_pollen_grain.stl,362890,725800,True,-10,8969.882528037773,"[[11.27579975 12.73859978  1.08358002]
 [59.40869904 57.76240158 37.83929825]]",7450.1377726825785,0
21115_Evergreen_oak_Quercus_ilex_pollen_grain.stl,220355,440706,True,2,4958.284913116397,"[[14.36880016 16.3871994   1.80348003]
 [52.03530121 53.02410126 16.69219971]]",5735.062671239826,0
21145_Pine_Pinus_sp_pollen_grain.stl,483928,967597,False,141,12481.262026674332,"[[22.82430077 10.84840012  1.42408001]
 [67.43209839 73.36779785 32.35150146]]",,1
21184_Black_bryony_Dioscorea_communis_pollen_grain.stl,183923,368632,False,-390,5087.91853594296,"[[ 4.42262983 16.81459999  1.56633997]
 [41.50659943 43.5848999  18.05080032]]",,1
21185_Common_tamarisk_Tamarix_anglica_pollen_grain.stl,96522,193236,True,-96,2394.7964079305657,"[[ 8.41948986 32.17639923  1.15067995]
 [28.69379997 55.28279877 17.93840027]]",1498.6102971150121,0
21186_Bastard-toadlax_Thesium_humifusum_pollen_grain.stl,137021,274054,False,-2,3698.3118701481867,"[[15.40390015 17.93199921  0.99156398]
 [43.97539902 45.15660095 28.01309967]]",,1
21187_Knotted_hedgeparsley_Torilis_nodosa_pollen_grain.stl,124369,248746,True,-4,3035.8539240751984,"[[11.30440044 20.77510071  0.89937699]
 [45.12810135 41.94329834 19.68020058]]",3398.387617960456,0
21188_Meadow_goats_beard_Tragopogon_pratensis_pollen_grain.stl,313280,626554,False,5,8595.527361286511,"[[12.41499996 17.91710091  1.77892995]
 [60.14860153 64.623703   35.10839844]]",,1
21189_Deergrass_Trichophorum_cespitosum_pollen_grain.stl,339555,679116,False,-1,8163.142728868248,"[[13.90219975  9.94501972  0.38022101]
 [54.83509827 50.16279984 28.42959976]]",,1
21190_Seaside_arrowgrass_Triglochin_maritima_pollen_grain.stl,259812,522552,False,-1296,3558.047688414429,"[[13.90769958 12.87339973  1.21789002]
 [38.63150024 40.42210007 14.64009953]]",,1
21191_Navelwort_Umbilicus_rupestris_pollen_grain.stl,107983,215970,True,-2,2649.0014659549465,"[[14.61940002 15.72459984  0.918248  ]
 [39.61669922 39.99029922 24.34620094]]",2682.215947955572,0
21251_Heath_grass_Danthonia_decumbens_pollen_grain.stl,252960,505916,True,2,6421.20585634987,"[[14.89360046 15.98139954  2.43101001]
 [50.68840027 51.49250031 31.50919914]]",5752.746681067655,0
21252_Pontic_rhododendron_Rhododendron_ponticum_pollen_grain.stl,666326,1332656,False,3,17745.56126805923,"[[21.39990044 30.93029976  0.67153603]
 [82.77140045 82.38189697 47.32180023]]",,1
21253_Tea-leaved_willow_Salix_phylicifolia_pollen_grain.stl,188219,376504,False,-31,4605.024318625821,"[[14.60319996  9.95604992  1.01754999]
 [49.38050079 39.2602005  18.70050049]]",,1
21254_Black_sedge_Schoenus_nigricans_pollen_grain.stl,374728,749498,False,-15,9829.355359061006,"[[23.80139923 12.72869968  0.30445901]
 [59.07400131 63.95420074 36.29079819]]",,1
21255_German_knotweed_Scleranthus_annuus_pollen_grain.stl,118517,237086,True,-26,3094.411792704079,"[[16.45509911 16.65430069  1.37863004]
 [39.77370071 40.2378006  20.3192997 ]]",3710.2303590713905,0
21256_German_knotweed_Scleranthus_annuus_pollen_grain_shrunken.stl,327739,655910,False,-187,8330.955067386305,"[[14.85149956 18.00880051  1.65316999]
 [51.87900162 54.99480057 24.5053997 ]]",,1
21257_Common_figwort_Scrophularia_nodosa_pollen_grain.stl,265389,530786,True,-4,6061.7897157321,"[[15.14050007 19.59499931  1.78788996]
 [55.13190079 49.40639877 23.92070007]]",5603.897066062645,0
21258_Club_spikemoss_Selaginella_selaginoides_spore.stl,393613,787214,True,6,9243.123615494545,"[[ 35.44729996  35.85329819   1.18039   ]
 [103.73400116 110.62599945  24.84219933]]",30101.77049940785,0
21264_European_goldenrod_Solidago_virgaurea_pollen_grain.stl,167964,335936,False,0,4396.60371015686,"[[18.08429909 50.36619949  1.81437004]
 [51.95959854 84.49009705 32.35609818]]",,1
21265_Pepper_saxifrage_Silaum_silaus_pollen_grain.stl,152414,304832,True,-2,3869.001314686198,"[[20.55789948 14.96329975  0.82973099]
 [45.43799973 52.73450089 27.81340027]]",7102.416039260462,0
21266_Field_madder_Sherardia_arvensis_pollen_grain.stl,174265,348562,True,-16,4587.345550887073,"[[17.         19.69910049  1.62223005]
 [48.1167984  49.75519943 29.54879951]]",3521.938449198669,0
21267_Rye_Secale_cereale_pollen_grain.stl,587467,1174932,False,3,13999.495844659408,"[[13.16870022 16.61930084  1.24743998]
 [69.72350311 68.18309784 37.88909912]]",,1
21268_Rye_Secale_cereale_pollen_grain_shrunken.stl,72266,144524,True,4,5612.800691598077,"[[15.79339981 17.98950005  1.27382004]
 [58.95819855 63.72610092 32.17419815]]",11165.765716629348,0
21269_Common_sorrel_Rumex_acetosa_pollen_grain_shrunken.stl,193681,387344,False,11,2262.2950292320365,"[[14.08344078 16.7501812   2.23179865]
 [43.00268555 45.53288269 17.18888092]]",,1
21270_Goldmoss_stonecrop_Sedum_acre_pollen_grain.stl,162274,324552,True,-2,3600.7497001925726,"[[19.85810089 16.97060013  1.48518002]
 [49.47900009 48.64960098 22.02759933]]",3983.0652710468444,0
21271_White_campion_Silene_alba_pollen_grain_shrunken.stl,328322,657458,False,-401,8162.584278702191,"[[11.55060005 11.80490017  1.41935003]
 [52.51819992 51.43310165 23.46769905]]",,1
21279_Arrowhead_Sagittaria_sagittifolia_pollen_grain.stl,195995,391990,False,4,4764.244623053849,"[[16.74139977 18.10549927  1.71711004]
 [48.67789841 50.47000122 18.02000046]]",,1
21280_Yellow_saxifrage_Saxifraga_aizoides_pollen_grain.stl,156076,312172,True,-10,4214.482593311468,"[[ 8.81488991 13.99359989  1.51028001]
 [37.6310997  42.19660187 31.22809982]]",3227.957965670767,0
21282_Wood_sanicle_Sanicula_europaea_pollen_grain.stl,283523,567052,False,-1,6868.78004730946,"[[12.1420002   9.81669044  1.24092996]
 [50.13600159 57.51409912 31.39369965]]",,1
21285_Starry_saxifrage_Saxifraga_stellaris_pollen_grain.stl,87886,175876,True,-52,2362.01390916792,"[[17.32729912 26.72459984  1.45419002]
 [49.57870102 42.64659882 17.6548996 ]]",2359.962738440731,0
21375_Timothy_Phleum_pratense_pollen_grain_shrunken.stl,309648,619284,False,9,7372.310450385585,"[[13.17329979 13.51249981  1.04574001]
 [60.54470062 65.66290283 19.10070038]]",,1
21376_Red_fescue_Festuca_rubra_pollen_grain_shrunken.stl,227643,455276,False,7,4742.940467305368,"[[19.2390995  10.43130016  1.20702004]
 [47.17459869 58.34540176 17.10630035]]",,1
21377_Red_fescue_Festuca_rubra_pollen_grain_shrunken.stl,227643,455276,False,7,4742.940467305368,"[[19.2390995  10.43130016  1.20702004]
 [47.17459869 58.34540176 17.10630035]]",,1
21378_Hemp-agrimony_Eupatorium_cannabinum_pollen_grain_shrunken.stl,193388,386702,False,39,4793.794336317926,"[[17.63229942 16.44179916  1.35245001]
 [50.05210114 55.8158989  23.25979996]]",,1
21379_Hemp-agrimony_Eupatorium_cannabinum_pollen_grain_shrunken.stl,193388,386702,False,39,4793.794336317926,"[[17.63229942 16.44179916  1.35245001]
 [50.05210114 55.8158989  23.25979996]]",,1
21386_Common_spike-rush_Eleocharis_palustris_pollen_grain_shrunken.stl,731209,1462406,True,6,17295.753655179702,"[[ 8.33901024 28.25169945  1.28148997]
 [82.05590057 87.68979645 35.229599  ]]",27913.73149277245,0
21464_Sweet_vernal_grass_Anthoxanthum_odoratum_pollen_grain.stl,147809,295612,False,5,3513.41458245312,"[[13.40929985 19.16930008  1.65761006]
 [51.17440033 52.28639984 24.15810013]]",,1
21465_Soft_brome_Bromus_hordeaceus_pollen_grain.stl,509279,1018560,False,5,12455.137050407608,"[[ 9.09790993 10.50199986  1.53725004]
 [55.72740173 57.90480042 34.47000122]]",,1
21466_Cats_ear_flatweed_Hypochaeris_radicata_pollen_grain.stl,196036,392076,True,-2,5006.664435401284,"[[19.27759933 15.73659992  1.57041001]
 [53.92670059 48.64410019 30.97120094]]",7849.407074084104,0
21467_Great_wood-rush_Luzula_sylvatica_pollen_grain_shrunken.stl,190185,381218,True,-424,7446.53827533229,"[[11.17210007 14.25619984  2.49981999]
 [53.7364006  57.02510071 20.55940056]]",5377.030140462444,0
21469_Long_beech_fern_Phegopteris_connectilis_spore_1.stl,343375,686736,False,9,7448.639492544668,"[[10.85620022 19.64039993  0.21542799]
 [75.20890045 76.50779724 26.24790001]]",,1
21470_Long_beech_fern_Phegopteris_connectilis_spore_2.stl,274001,548186,True,-92,12950.659042249497,"[[11.46080017 23.59869957  0.68243003]
 [91.44560242 83.26180267 25.40819931]]",26496.87791085754,0
21471_Autumn_hawkbit_Scorzoneroides_autumnalis_pollen_grain.stl,222031,444070,True,-4,6320.512736500897,"[[12.2585001   9.46323013  2.21620989]
 [45.87960052 46.99720001 40.94919968]]",9178.281236776005,0
21472_Rock_dandelion_Taraxacum_laevigatum_pollen_grain.stl,241179,482278,True,40,6802.371780329446,"[[16.6128006  16.92650032  2.54439998]
 [51.59120178 53.49480057 39.69630051]]",10654.752408374385,0
21473_Sea_mayweed_Tripleurospermum_maritimum_pollen_grain.stl,139609,279154,True,32,3602.7464334760175,"[[ 8.97780037 12.78709984  1.30088997]
 [41.41080093 43.55469894 28.1487999 ]]",6784.115083486605,0
21531_False_oat-grass_Arrhenatherum_elatius_pollen_grain_shrunken.stl,181240,362474,False,9,4299.381841432533,"[[17.36000061 12.94200039  1.96210003]
 [47.40790176 55.87139893 26.81159973]]",,1
21532_Blue_sedge_Carex_flacca_pollen_grain_shrunken.stl,473092,946204,False,-6,10887.478263093546,"[[13.16959953 18.12330055  1.93077004]
 [66.67269897 64.92240143 24.64069939]]",,1
21534_Coltsfoot_Tussilago_farfara_pollen_grain.stl,276087,552182,True,-4,7084.5388613886325,"[[10.6420002  12.09819984  1.64254999]
 [54.17480087 57.89030075 29.87660027]]",10438.239619014139,0
21536_Corn_salad_Valerianella_locusta_pollen_grain.stl,335795,671652,False,-29,8405.331010457829,"[[21.37150002 26.47540092  1.25843   ]
 [65.75140381 70.61509705 35.43870163]]",,1
21537_Common_mullein_Verbascum_thapsus_pollen_grain.stl,95274,190532,True,8,3705.6431951879263,"[[13.32470036 21.03700066  2.44847012]
 [48.56819916 50.30379868 16.97520065]]",4517.24053796349,0
21538_Wayfaring_tree_Viburnum_lantana_pollen_grain_shrunken.stl,276816,553660,True,-14,6217.185484784258,"[[13.14519978 20.22960091  1.34917998]
 [53.14839935 59.51520157 23.9734993 ]]",7140.5242468871775,0
21541_Common_ragwort_Jacobaea_vulgaris_pollen_grain.stl,211378,422760,True,-2,5261.843989071366,"[[19.01110077 20.34749985  1.64523995]
 [54.90019989 58.5489006  25.95129967]]",7980.3851033019555,0
21542_European_blueberry_Vaccinium_myrtillus_pollen_grain.stl,599434,1198998,False,-63,15927.506390946144,"[[11.24349976 10.24530029  2.00591993]
 [58.00640106 57.01639938 47.27000046]]",,1
21551_Clustered_dock_Rumex_conglomeratus_pollen_grain.stl,138988,277984,True,-4,3407.895254905509,"[[15.69709969 17.05559921  2.23448992]
 [41.73360062 44.18289948 22.98480034]]",2526.0766413246415,0
21552_Black_mullein_Verbascum_nigrum_pollen_grain.stl,86776,173556,True,-2,3330.643204590188,"[[19.58909988 21.09149933  1.35339999]
 [48.04529953 49.80479813 23.65360069]]",2661.451937507918,0
21553_Water_speedwell_Veronica_anagallis-aquatica_pollen_grain.stl,162559,325214,True,-48,4171.5912788226415,"[[10.59309959 11.2116003   1.59226   ]
 [40.89720154 40.5542984  27.41640091]]",3022.8301592313546,0
21554_Common_speedwell_Veronica_arvensis_pollen_grain.stl,201149,402360,False,-29,5393.717323914088,"[[10.52880001 17.13879967  4.64452982]
 [51.99449921 54.65890121 38.75740051]]",,1
21555_Hard_rush_Juncus_inflexus_pollen_grain_shrunken.stl,336965,673928,False,2,8459.259086942637,"[[12.17420006 13.61590004  2.30886006]
 [51.18199921 55.43420029 35.23609924]]",,1
21557_Hairy_violet_Viola_hirta_pollen_grain.stl,243220,486468,False,-5,6398.462862748359,"[[14.28579998 22.30680084  1.36189997]
 [51.72060013 52.84130096 31.46780014]]",,1
21583_Ladys_thumb_Persicaria_maculosa_pollen_grain.stl,416311,832684,False,-29,11052.392062951567,"[[29.05520058 31.74900055  2.21555996]
 [71.80690002 74.90090179 37.2038002 ]]",,1
21584_Green_alkanet_Pentaglottis_sempervirens_pollen_grain.stl,57613,115234,True,-4,1446.6943183427418,"[[24.27499962 18.76499939  2.19698   ]
 [39.27759933 37.88990021 15.46490002]]",1040.8630388760773,0
21585_Bird_cherry_Prunus_padus_pollen_grain.stl,240015,480058,True,-14,5983.58216455232,"[[14.84560013 16.91279984  1.34072006]
 [49.4919014  51.64390182 34.03749847]]",6821.139766766726,0
21591_Parsnip_Pastinaca_sativa_pollen_grain.stl,198548,397106,False,-3,5062.938769527611,"[[20.38470078 13.27070045  1.39382994]
 [47.53430176 53.3586998  28.17070007]]",,1
21600_Common_haircap_Polytrichum_commune_spore.stl,31027,62064,False,11,400.51746857708224,"[[ 6.99660015 12.13770008  2.13593006]
 [18.14010048 23.70700073 11.2468996 ]]",,1
21601_Erect_cinquefoil_Potentilla_erecta_pollen_grain.stl,246197,492414,True,-10,6512.1063961581085,"[[16.54299927 17.57559967  0.69831198]
 [50.27330017 52.51639938 37.22129822]]",6632.343264283664,0
21602_Common_fleabane_Pulicaria_dysenterica_pollen_grain.stl,135902,271822,False,-7,3688.7303126845813,"[[20.23950005 20.66139984  1.55493999]
 [48.37419891 52.01139832 30.48460007]]",,1
21603_Common_wintergreen_Pyrola_minor_pollen_grain_shrunken.stl,349174,698336,True,6,8585.332101770986,"[[13.28129959 14.18620014  0.99037099]
 [54.5306015  58.43099976 35.20959854]]",16752.32842804043,0
21611_European_pear_Pyrus_communis_pollen_grain.stl,352383,704784,False,-7,9062.031837732837,"[[10.74820042 13.80990028  2.09026003]
 [54.90999985 53.03480148 40.23759842]]",,1
21618_Slender_barb_grass_Parapholis_strigosa_pollen_grain_shrunken_with_displaced_pore_operculum.stl,625528,1251052,True,2,14749.602062014941,"[[12.95250034 14.82900047  1.24849999]
 [63.48989868 68.34329987 27.53409958]]",15520.391297610817,0
21628_Cowslip_Primula_veris_pollen_grain_shrunken.stl,106026,212384,True,-166,2640.695675497547,"[[14.68379974 18.02160072  1.95984006]
 [40.33850098 36.54710007 21.00289917]]",1585.6187669565588,0
